video_id,feature_file
2NZ5C,2NZ5C
R00LO,R00LO
V3SOF,V3SOF
X2LBW,X2LBW
KIJG4,KIJG4
ZAO65,ZAO65
UD0P0,UD0P0
X3ASU,X3ASU
QX89T,QX89T
UHDEF,UHDEF
Q0IHP,Q0IHP
LRJKT,LRJKT
LXLW4,LXLW4
WAOE7,WAOE7
0IAGO,0IAGO
WH1S5,WH1S5
GV9M4,GV9M4
PRV4N,PRV4N
MLBTH,MLBTH
H2B7U,H2B7U
PPXPA,PPXPA
ZS9XR,ZS9XR
1DGC9,1DGC9
WBJC3,WBJC3
3PXGQ,3PXGQ
9UU4W,9UU4W
N3SBJ,N3SBJ
42UH8,42UH8
1375X,1375X
8ZPXA,8ZPXA
LQC89,LQC89
TZF0X,TZF0X
HVFXT,HVFXT
NDLY5,NDLY5
JTXAM,JTXAM
FYDYO,FYDYO
PQUF6,PQUF6
TIS3Z,TIS3Z
E7ESG,E7ESG
VFD5I,VFD5I
CC0PK,CC0PK
F5UVQ,F5UVQ
GPSIM,GPSIM
2OHTZ,2OHTZ
6ZKZS,6ZKZS
ZOMM2,ZOMM2
HWLBL,HWLBL
OHNF4,OHNF4
CUII4,CUII4
6EU06,6EU06
1E1EN,1E1EN
XYGU1,XYGU1
GMLPK,GMLPK
AD28I,AD28I
A1BS2,A1BS2
ZUKHZ,ZUKHZ
A0CZE,A0CZE
R5L98,R5L98
F8E8C,F8E8C
P7TT1,P7TT1
YLE12,YLE12
GQ0H2,GQ0H2
SJGZ2,SJGZ2
ALXUC,ALXUC
78FJX,78FJX
RJDH2,RJDH2
EEGGA,EEGGA
SXYLN,SXYLN
TQMTC,TQMTC
3ZH9Z,3ZH9Z
AF8I2,AF8I2
6ALEL,6ALEL
ECW3E,ECW3E
5JSFE,5JSFE
E653K,E653K
9335E,9335E
TCCQL,TCCQL
9M5UE,9M5UE
TRVEA,TRVEA
OE2M1,OE2M1
Y9WZW,Y9WZW
ON2Z4,ON2Z4
2B577,2B577
6E4L5,6E4L5
6YTAJ,6YTAJ
RQJWI,RQJWI
1G9R7,1G9R7
R9NRA,R9NRA
WF3NY,WF3NY
KWONB,KWONB
MXATD,MXATD
4BSR0,4BSR0
RB9VI,RB9VI
9LWQ6,9LWQ6
J5K87,J5K87
BPN95,BPN95
V2C4I,V2C4I
B8DL6,B8DL6
UEP20,UEP20
99UA6,99UA6
G7LU9,G7LU9
YO9NC,YO9NC
30TL5,30TL5
HL4V4,HL4V4
0ZOPH,0ZOPH
417RA,417RA
9MNZ5,9MNZ5
TYZ05,TYZ05
XOWBN,XOWBN
RVWK8,RVWK8
15PMU,15PMU
UQ93G,UQ93G
4YL07,4YL07
9PXI9,9PXI9
406LH,406LH
1FX8Q,1FX8Q
S1LY3,S1LY3
EFADI,EFADI
MS4GA,MS4GA
DWEHS,DWEHS
7TJ14,7TJ14
HMLJX,HMLJX
LVTRJ,LVTRJ
IYU90,IYU90
N14BK,N14BK
3IPI3,3IPI3
PZD7Z,PZD7Z
Q3XBQ,Q3XBQ
CI7PQ,CI7PQ
IJNBL,IJNBL
0RP6B,0RP6B
I77FD,I77FD
N93LD,N93LD
SXMII,SXMII
0PVKV,0PVKV
ZHOP3,ZHOP3
SLMQF,SLMQF
6E8GP,6E8GP
EBTD6,EBTD6
FTG07,FTG07
5L04F,5L04F
KFOX4,KFOX4
MOREL,MOREL
970NN,970NN
E4C1C,E4C1C
R0M34,R0M34
06L9P,06L9P
MUI01,MUI01
YACA8,YACA8
URAIM,URAIM
CEPB8,CEPB8
Q1SV4,Q1SV4
W97NR,W97NR
YIG5G,YIG5G
ZVCMM,ZVCMM
W5RC5,W5RC5
PGPSJ,PGPSJ
QG338,QG338
N56QO,N56QO
4021N,4021N
SHKHX,SHKHX
0POYO,0POYO
CG83G,CG83G
07QNG,07QNG
RF3EW,RF3EW
G82VI,G82VI
NT2HT,NT2HT
YNCFL,YNCFL
SCOML,SCOML
ATV2F,ATV2F
S0Z00,S0Z00
3ZOI4,3ZOI4
XOMJ4,XOMJ4
1Y09V,1Y09V
JWPS5,JWPS5
J2DBI,J2DBI
490S2,490S2
5C6IS,5C6IS
4D5XD,4D5XD
2ADJI,2ADJI
DPLMM,DPLMM
ICALV,ICALV
80FWF,80FWF
2AIP4,2AIP4
LZTH6,LZTH6
1UXVA,1UXVA
2JP64,2JP64
735W9,735W9
CLORP,CLORP
1LARL,1LARL
S4P5J,S4P5J
T2XVO,T2XVO
DH66I,DH66I
2WGSN,2WGSN
50E06,50E06
K0C0A,K0C0A
F207R,F207R
FGBXJ,FGBXJ
5VUT9,5VUT9
MQ9PZ,MQ9PZ
JEDTE,JEDTE
1NJOQ,1NJOQ
6KI0S,6KI0S
TW6NZ,TW6NZ
Z6LYG,Z6LYG
SU8PN,SU8PN
AUYOZ,AUYOZ
GG3K5,GG3K5
NGWRE,NGWRE
A4SR3,A4SR3
VXF18,VXF18
ZTWJB,ZTWJB
TCJWE,TCJWE
3JCEI,3JCEI
SV6KF,SV6KF
D6D85,D6D85
LBG7L,LBG7L
XRVQL,XRVQL
AERV9,AERV9
SDXZ8,SDXZ8
3J85M,3J85M
TH3M0,TH3M0
ENC45,ENC45
C83CH,C83CH
8NGDR,8NGDR
ZZ89F,ZZ89F
LI6LV,LI6LV
KHWI5,KHWI5
DSG0F,DSG0F
JOPGB,JOPGB
MZ3X9,MZ3X9
GV0L7,GV0L7
53FPM,53FPM
0GR11,0GR11
5M9JX,5M9JX
XUV0Y,XUV0Y
8TRIW,8TRIW
TD2DR,TD2DR
G1JBI,G1JBI
ZX37G,ZX37G
QVD5B,QVD5B
L9H3O,L9H3O
KZS5M,KZS5M
B7DNX,B7DNX
CEHLQ,CEHLQ
ANAR5,ANAR5
C2QK3,C2QK3
MUWG4,MUWG4
QHU9R,QHU9R
A75XI,A75XI
5QW1X,5QW1X
MDG2T,MDG2T
Z70KK,Z70KK
NU0UK,NU0UK
T4NAU,T4NAU
GXVX8,GXVX8
SY5QP,SY5QP
P14L7,P14L7
FQ2Q3,FQ2Q3
ZDFOL,ZDFOL
LKSBL,LKSBL
KT3MJ,KT3MJ
Y1BWP,Y1BWP
VP6ID,VP6ID
8XFAV,8XFAV
O3HV7,O3HV7
Q07NE,Q07NE
7NBPG,7NBPG
GR5N6,GR5N6
8DL54,8DL54
KJWAH,KJWAH
QWZV5,QWZV5
UGWOG,UGWOG
AMLI4,AMLI4
JTZZW,JTZZW
B55HG,B55HG
MWZJY,MWZJY
UUF84,UUF84
GQZOR,GQZOR
FJYWX,FJYWX
TVBLW,TVBLW
7HEWH,7HEWH
03AA8,03AA8
JJKNY,JJKNY
WPU76,WPU76
6912B,6912B
VG8QP,VG8QP
ENCXV,ENCXV
VE5DN,VE5DN
A3Y9O,A3Y9O
JJ7M6,JJ7M6
9N76L,9N76L
SAO1A,SAO1A
CR2IM,CR2IM
N5Z8Z,N5Z8Z
ZAJAJ,ZAJAJ
2NXFV,2NXFV
K8H4G,K8H4G
1TWH6,1TWH6
WN2N7,WN2N7
DB52Q,DB52Q
RXLKF,RXLKF
J8JOQ,J8JOQ
3CFFJ,3CFFJ
E0IME,E0IME
17LNN,17LNN
TZEJS,TZEJS
3A400,3A400
T82IE,T82IE
RJNAB,RJNAB
E8JEJ,E8JEJ
B5VY1,B5VY1
PNAXO,PNAXO
7YV59,7YV59
0NVG2,0NVG2
DQ1TU,DQ1TU
O87OF,O87OF
74P3C,74P3C
3JXKZ,3JXKZ
W4W97,W4W97
5IVO1,5IVO1
ORAT0,ORAT0
ASNER,ASNER
GLSU2,GLSU2
3CLVI,3CLVI
A6R12,A6R12
JXS3A,JXS3A
X4WWH,X4WWH
38T9C,38T9C
G6GQP,G6GQP
6HT0J,6HT0J
MCMTH,MCMTH
7VP2U,7VP2U
UX8NQ,UX8NQ
SZYJO,SZYJO
5ZGRN,5ZGRN
ZSZS4,ZSZS4
GIQEO,GIQEO
9UPC6,9UPC6
2B3BL,2B3BL
XRG9K,XRG9K
54VBR,54VBR
EEVD3,EEVD3
NCLD1,NCLD1
QCAUL,QCAUL
K4UOG,K4UOG
9WLBQ,9WLBQ
H3E1E,H3E1E
ZOLVU,ZOLVU
ZZ9RN,ZZ9RN
EURF2,EURF2
PZ0ND,PZ0ND
OZ02A,OZ02A
PSPMA,PSPMA
WENGZ,WENGZ
5JVMD,5JVMD
GL7E6,GL7E6
JMA1R,JMA1R
UKMK6,UKMK6
AWAFY,AWAFY
XJA7Z,XJA7Z
FQGW4,FQGW4
3ONCH,3ONCH
M1FNW,M1FNW
C6INR,C6INR
HDDU0,HDDU0
VOBBG,VOBBG
RJZ3I,RJZ3I
T8O8Y,T8O8Y
86X97,86X97
7UGF7,7UGF7
1AA3I,1AA3I
RYDUK,RYDUK
D3KN2,D3KN2
VX82P,VX82P
PJDUN,PJDUN
SAK7K,SAK7K
KOVTR,KOVTR
Y4LT8,Y4LT8
IQ0ZX,IQ0ZX
Y6ZJI,Y6ZJI
LKNZD,LKNZD
ED6VQ,ED6VQ
999BP,999BP
FGRL2,FGRL2
AXFJP,AXFJP
Y50QF,Y50QF
HY4FS,HY4FS
RPXAC,RPXAC
7B8EQ,7B8EQ
5SGU6,5SGU6
XVHGO,XVHGO
C10FA,C10FA
ZL55N,ZL55N
3CW6P,3CW6P
73ZXZ,73ZXZ
W0XPU,W0XPU
JG7BS,JG7BS
W4BZX,W4BZX
XXX1O,XXX1O
CC87Z,CC87Z
QIT2W,QIT2W
56PK0,56PK0
J4QHT,J4QHT
E7FGK,E7FGK
VE6GK,VE6GK
NKOJ8,NKOJ8
FSWT4,FSWT4
MBAA5,MBAA5
43UGG,43UGG
21A0W,21A0W
QO6RV,QO6RV
2AG8W,2AG8W
MF09L,MF09L
EO3G8,EO3G8
3NOML,3NOML
P4FXX,P4FXX
0EGNU,0EGNU
6OROW,6OROW
V24A5,V24A5
5TYXL,5TYXL
Y0MCG,Y0MCG
EJIKG,EJIKG
OOWJ9,OOWJ9
DACFC,DACFC
1YAYG,1YAYG
MNEQ4,MNEQ4
RHV11,RHV11
827O1,827O1
S1J2Q,S1J2Q
SUYMQ,SUYMQ
S3TZ1,S3TZ1
7EJUR,7EJUR
0KER3,0KER3
8ZO48,8ZO48
UEC1F,UEC1F
36T5X,36T5X
4WVTC,4WVTC
9FVR3,9FVR3
3QY79,3QY79
R4SJJ,R4SJJ
Q8XEE,Q8XEE
BJI1D,BJI1D
X9ULK,X9ULK
LY2GQ,LY2GQ
LXEPT,LXEPT
WD35N,WD35N
MSW4E,MSW4E
TZ27E,TZ27E
J4QIT,J4QIT
UNGPY,UNGPY
2JTRG,2JTRG
K0Y6X,K0Y6X
73E7V,73E7V
XE19C,XE19C
SWIQN,SWIQN
JKWJ6,JKWJ6
0HGNK,0HGNK
3H1EA,3H1EA
C5BMA,C5BMA
8YNSB,8YNSB
X9Q1A,X9Q1A
6KJGX,6KJGX
NYXJ6,NYXJ6
G8NEV,G8NEV
6KUUU,6KUUU
VXOE4,VXOE4
33OVO,33OVO
C4E9X,C4E9X
57WXL,57WXL
OK45U,OK45U
V2GC9,V2GC9
0RSFD,0RSFD
2LMQF,2LMQF
AB06W,AB06W
1L5D3,1L5D3
7ELBG,7ELBG
6H78U,6H78U
K8OB6,K8OB6
F8M2Y,F8M2Y
75HNO,75HNO
UFNPU,UFNPU
CPM4M,CPM4M
ELRP9,ELRP9
IGVLE,IGVLE
57QQ7,57QQ7
E0YEK,E0YEK
342XO,342XO
07TCM,07TCM
EGY7O,EGY7O
CM6T8,CM6T8
ZB5J4,ZB5J4
V3LMY,V3LMY
4NRPM,4NRPM
O2294,O2294
Z2DEZ,Z2DEZ
JG7UX,JG7UX
O8S0J,O8S0J
X28IF,X28IF
HAA4O,HAA4O
J95X1,J95X1
XCUOD,XCUOD
NO443,NO443
K2BY7,K2BY7
20WZU,20WZU
3ZHEX,3ZHEX
VVMYX,VVMYX
QMKZV,QMKZV
4JOAD,4JOAD
CD11G,CD11G
2CR09,2CR09
EG0VZ,EG0VZ
13YII,13YII
2WH4F,2WH4F
RJU3H,RJU3H
J6L8A,J6L8A
MAUMO,MAUMO
9VBJ5,9VBJ5
U6L1X,U6L1X
KA09C,KA09C
ZO3EG,ZO3EG
2ZICJ,2ZICJ
NGMVI,NGMVI
6MUM6,6MUM6
WGZ29,WGZ29
A58GR,A58GR
8DSGI,8DSGI
HKY1M,HKY1M
E6TED,E6TED
9POJB,9POJB
MTLT3,MTLT3
TK1VC,TK1VC
Q24OC,Q24OC
GZF5F,GZF5F
N2WXN,N2WXN
4JKLQ,4JKLQ
5QUSB,5QUSB
IMLN5,IMLN5
2CDOS,2CDOS
3T785,3T785
D2VU8,D2VU8
QNQOG,QNQOG
7DGWM,7DGWM
2U3X0,2U3X0
JXNEN,JXNEN
QO7SM,QO7SM
ZXSRR,ZXSRR
ACMHK,ACMHK
E0OJ8,E0OJ8
N7GBK,N7GBK
UOZES,UOZES
Y7MSY,Y7MSY
UKSCV,UKSCV
X9WTR,X9WTR
LBJ0W,LBJ0W
CY2J2,CY2J2
Q166J,Q166J
T42IZ,T42IZ
G2JR9,G2JR9
6FJBD,6FJBD
IBIWF,IBIWF
6KGZA,6KGZA
J6TVB,J6TVB
TBXFO,TBXFO
SHP4R,SHP4R
OOE32,OOE32
9SP9P,9SP9P
W3SC3,W3SC3
120YL,120YL
B0XI9,B0XI9
O1LMX,O1LMX
ICQZX,ICQZX
7HWK2,7HWK2
JCWVV,JCWVV
TIJOY,TIJOY
10M0F,10M0F
TUD6M,TUD6M
OM5R4,OM5R4
VTEWM,VTEWM
MVPQF,MVPQF
8WQOP,8WQOP
9PWEK,9PWEK
9O889,9O889
ODD3K,ODD3K
VMI2D,VMI2D
4G00A,4G00A
D8FTI,D8FTI
0M9ZO,0M9ZO
ARKBT,ARKBT
GRYTY,GRYTY
FC2SK,FC2SK
VP3WN,VP3WN
P2JL6,P2JL6
7HLTQ,7HLTQ
IJ01G,IJ01G
S0LA8,S0LA8
G3A0B,G3A0B
5JSGK,5JSGK
FIAJP,FIAJP
ET224,ET224
BCO3C,BCO3C
3ZUVI,3ZUVI
Q3BCC,Q3BCC
0JB3D,0JB3D
5R7VN,5R7VN
3SAO5,3SAO5
WXXYY,WXXYY
NYZL3,NYZL3
9KGOL,9KGOL
27JQL,27JQL
MA15X,MA15X
16IDQ,16IDQ
129SP,129SP
RANB1,RANB1
5AFC1,5AFC1
GKH0F,GKH0F
ZYVTC,ZYVTC
M1TZR,M1TZR
DOL47,DOL47
E2EHR,E2EHR
NPEA3,NPEA3
CD9GP,CD9GP
UM5II,UM5II
S0YID,S0YID
472EJ,472EJ
HPFF1,HPFF1
0SBT3,0SBT3
107YZ,107YZ
5GP8M,5GP8M
WQ57B,WQ57B
PIJRH,PIJRH
4J1AP,4J1AP
THW67,THW67
XEGTL,XEGTL
5WS7U,5WS7U
ELBLK,ELBLK
M1B7N,M1B7N
75MO8,75MO8
F44A2,F44A2
BTR60,BTR60
59X8N,59X8N
K7NRW,K7NRW
5O31N,5O31N
M704T,M704T
GNA1H,GNA1H
JKGTN,JKGTN
O8N4M,O8N4M
NO1GJ,NO1GJ
A1PEO,A1PEO
6YN3J,6YN3J
KUBPN,KUBPN
M18XP,M18XP
CKUYC,CKUYC
JSY2I,JSY2I
5EFVR,5EFVR
02SK4,02SK4
2MTYU,2MTYU
JQ2SN,JQ2SN
VFAE3,VFAE3
UL9LN,UL9LN
X91NG,X91NG
CFDXI,CFDXI
DPB7X,DPB7X
UZIQS,UZIQS
CYM3V,CYM3V
9JIOI,9JIOI
EXW9K,EXW9K
F4TXY,F4TXY
B6487,B6487
Q34XB,Q34XB
1P97N,1P97N
W0QSB,W0QSB
QI0EL,QI0EL
TXAG9,TXAG9
VNUPE,VNUPE
7XLMZ,7XLMZ
WHVP2,WHVP2
AXKNF,AXKNF
PGGRZ,PGGRZ
ENFL6,ENFL6
T2EIY,T2EIY
AOQ7C,AOQ7C
3IJGQ,3IJGQ
FLDHS,FLDHS
ORJTD,ORJTD
SBT2X,SBT2X
U4W3C,U4W3C
WQSYC,WQSYC
1L376,1L376
1FIGA,1FIGA
QBUAT,QBUAT
KEPDQ,KEPDQ
I5KUM,I5KUM
PHH6B,PHH6B
1QP1S,1QP1S
76Z3W,76Z3W
KKONU,KKONU
G4MNO,G4MNO
CWUDQ,CWUDQ
JVISI,JVISI
SPUPH,SPUPH
ME4YL,ME4YL
4RLYA,4RLYA
BI6Y4,BI6Y4
HRFGY,HRFGY
G537E,G537E
74S1R,74S1R
51RLB,51RLB
GMPHO,GMPHO
5H1P1,5H1P1
Z7O9G,Z7O9G
NJANX,NJANX
U8X15,U8X15
WTIQ3,WTIQ3
CR1OK,CR1OK
JX8SN,JX8SN
Q3UAN,Q3UAN
TLDYG,TLDYG
3J9L5,3J9L5
75M1Z,75M1Z
BKXN4,BKXN4
F76GD,F76GD
HDHGT,HDHGT
1KC11,1KC11
CRTUY,CRTUY
83D9H,83D9H
EU10X,EU10X
WGM7C,WGM7C
31TDO,31TDO
ESTDK,ESTDK
74DPG,74DPG
MHAGN,MHAGN
PN1F2,PN1F2
D04GX,D04GX
K5NFS,K5NFS
K0FAG,K0FAG
PXY5Q,PXY5Q
JKZUM,JKZUM
CUZND,CUZND
4C4LC,4C4LC
IDXM0,IDXM0
E40Y8,E40Y8
79VVK,79VVK
CH0PM,CH0PM
BQOLV,BQOLV
MJX48,MJX48
DVO31,DVO31
B4GM6,B4GM6
QLGHA,QLGHA
QLAS7,QLAS7
C6LW1,C6LW1
RR7AR,RR7AR
KXCSL,KXCSL
FU5BL,FU5BL
YNWMW,YNWMW
ZLWXE,ZLWXE
PAW5E,PAW5E
G4WCE,G4WCE
0DD62,0DD62
B50MB,B50MB
7NXWU,7NXWU
6RXCP,6RXCP
CXGSD,CXGSD
VLE11,VLE11
L0QNM,L0QNM
RFH6M,RFH6M
DYGB7,DYGB7
QEY8N,QEY8N
B2NAS,B2NAS
L3ZRP,L3ZRP
L1S6P,L1S6P
3IS9Y,3IS9Y
LRTNA,LRTNA
SFOPU,SFOPU
K0IGF,K0IGF
O1YWR,O1YWR
G41CL,G41CL
CRJGZ,CRJGZ
MKDCU,MKDCU
OWCJT,OWCJT
O5N93,O5N93
CUQYX,CUQYX
SBI6Z,SBI6Z
J95U1,J95U1
9BCZU,9BCZU
1TZK5,1TZK5
AWGMW,AWGMW
AZZ3W,AZZ3W
QMIKJ,QMIKJ
S5KQ1,S5KQ1
5G9SV,5G9SV
OKIVH,OKIVH
2FECZ,2FECZ
FYJHS,FYJHS
KMZDA,KMZDA
3IMTV,3IMTV
ZFQNZ,ZFQNZ
FS3SY,FS3SY
6OQYV,6OQYV
OGLCO,OGLCO
04LAX,04LAX
0KTWY,0KTWY
FDDDG,FDDDG
21WN7,21WN7
MR66M,MR66M
ZGUTC,ZGUTC
D0E8H,D0E8H
4GLAP,4GLAP
9YI82,9YI82
TIPFG,TIPFG
U4J2Q,U4J2Q
02SKC,02SKC
NVQ84,NVQ84
8B4ZP,8B4ZP
TOOYI,TOOYI
2QI8F,2QI8F
8DGUN,8DGUN
K8AUX,K8AUX
UAT1F,UAT1F
892RS,892RS
WTMMC,WTMMC
7TA23,7TA23
H51V5,H51V5
BFCU9,BFCU9
NHD1J,NHD1J
QACLT,QACLT
ZPNW7,ZPNW7
M7DIB,M7DIB
0TDOP,0TDOP
OWAA9,OWAA9
857S9,857S9
M6ERH,M6ERH
4MGUQ,4MGUQ
L5TI4,L5TI4
NVF2S,NVF2S
A6R22,A6R22
47RAA,47RAA
PAS7F,PAS7F
MJYTA,MJYTA
H9F6S,H9F6S
YUTDC,YUTDC
A6JLX,A6JLX
ZF5CP,ZF5CP
SHVVB,SHVVB
OY50Q,OY50Q
EUMRR,EUMRR
HUOZ0,HUOZ0
0KZYF,0KZYF
K3193,K3193
MA6GY,MA6GY
OPSF8,OPSF8
QUXYH,QUXYH
W882Y,W882Y
N6R39,N6R39
VSLJG,VSLJG
NBAGZ,NBAGZ
UAIHK,UAIHK
RNCN8,RNCN8
UDGRS,UDGRS
6SWTR,6SWTR
F1DQD,F1DQD
YFBA1,YFBA1
6QDZI,6QDZI
1NNFV,1NNFV
8TSU4,8TSU4
2P7A9,2P7A9
19ZGX,19ZGX
G1CM7,G1CM7
0GH5O,0GH5O
MU6UQ,MU6UQ
SNU9T,SNU9T
91T4S,91T4S
AM4QC,AM4QC
GCI2J,GCI2J
5DFKT,5DFKT
I7DGO,I7DGO
D32A4,D32A4
TS2TD,TS2TD
AL1WC,AL1WC
8VWV2,8VWV2
5FDHU,5FDHU
WH1PD,WH1PD
WFVD3,WFVD3
FM6KD,FM6KD
I31V9,I31V9
27ZT9,27ZT9
HC5JH,HC5JH
QMHK8,QMHK8
OSCS2,OSCS2
B5X50,B5X50
432NL,432NL
BGKCD,BGKCD
Z1LE8,Z1LE8
FNM0L,FNM0L
K1X2C,K1X2C
0HV07,0HV07
HQ8ZM,HQ8ZM
W1SRN,W1SRN
Q3Z4V,Q3Z4V
ZCULX,ZCULX
SPF63,SPF63
F2EA8,F2EA8
QIBAJ,QIBAJ
1P7GJ,1P7GJ
K47J5,K47J5
SL9P2,SL9P2
RKCKK,RKCKK
YP1HM,YP1HM
7JZTY,7JZTY
PVAJ8,PVAJ8
YX0RG,YX0RG
4ZJXR,4ZJXR
V54TI,V54TI
29B3I,29B3I
T5E2T,T5E2T
FIZXP,FIZXP
E5O0F,E5O0F
O6FSN,O6FSN
22ROE,22ROE
2Q6SZ,2Q6SZ
43CF9,43CF9
FP7N3,FP7N3
VDXXV,VDXXV
S1PWD,S1PWD
F64IO,F64IO
QBOOH,QBOOH
FJYZH,FJYZH
4GCPM,4GCPM
KR0SH,KR0SH
YV521,YV521
YJ1KW,YJ1KW
4I00F,4I00F
G4AJK,G4AJK
4JWAH,4JWAH
V4Q75,V4Q75
T3R3K,T3R3K
4UXE3,4UXE3
7SNIO,7SNIO
44Y6S,44Y6S
ZDV60,ZDV60
XF2ZM,XF2ZM
H2ZYY,H2ZYY
LR0L8,LR0L8
3IAPG,3IAPG
YE6UZ,YE6UZ
ANXB8,ANXB8
SPDF6,SPDF6
T7ST5,T7ST5
WM6RQ,WM6RQ
TU9K1,TU9K1
GQ341,GQ341
TWZA4,TWZA4
R971Z,R971Z
APTS7,APTS7
KO2MY,KO2MY
B4ED1,B4ED1
J8781,J8781
TJIK7,TJIK7
KK7D4,KK7D4
BWG9B,BWG9B
OMHFD,OMHFD
AWN1C,AWN1C
W0J8C,W0J8C
U9SH3,U9SH3
2O6RB,2O6RB
MOTWW,MOTWW
3AVAH,3AVAH
3Q92U,3Q92U
Z1VB4,Z1VB4
9FH1E,9FH1E
FVINY,FVINY
H3LUW,H3LUW
Z97SD,Z97SD
QNHM7,QNHM7
TLBWW,TLBWW
XMF8Y,XMF8Y
ZBDB5,ZBDB5
4K0BP,4K0BP
TM0BV,TM0BV
1RD2K,1RD2K
FJXBX,FJXBX
1XOQ8,1XOQ8
Z1ZUI,Z1ZUI
QQUI7,QQUI7
MV0TX,MV0TX
DUSJO,DUSJO
Z9XLJ,Z9XLJ
WT46G,WT46G
TESF6,TESF6
WRFZW,WRFZW
1T8RK,1T8RK
M2XIS,M2XIS
D2T7Z,D2T7Z
C4HHB,C4HHB
M23X2,M23X2
M0QER,M0QER
PVB4S,PVB4S
68OG0,68OG0
BBYHD,BBYHD
EHS68,EHS68
BV28R,BV28R
QXGK5,QXGK5
KGU21,KGU21
CFWP7,CFWP7
XZ2WT,XZ2WT
VZE8E,VZE8E
DGMDT,DGMDT
0E6H9,0E6H9
8VNSV,8VNSV
EMYSA,EMYSA
8F17S,8F17S
7HSZJ,7HSZJ
BRQBD,BRQBD
UPUPM,UPUPM
TPH12,TPH12
DR1ZU,DR1ZU
IYNUU,IYNUU
FMZ4A,FMZ4A
0W39H,0W39H
TAZGF,TAZGF
5FHH2,5FHH2
AIJ0M,AIJ0M
C3ZJU,C3ZJU
PC7H2,PC7H2
YN3AA,YN3AA
8ESHT,8ESHT
7FAB3,7FAB3
QXCUP,QXCUP
ZS7X6,ZS7X6
4LNPN,4LNPN
WZVHJ,WZVHJ
AYZS4,AYZS4
K71S1,K71S1
XJE4Y,XJE4Y
V3CWF,V3CWF
FYYFX,FYYFX
G8SWD,G8SWD
51801,51801
UJO36,UJO36
UDDTR,UDDTR
KE5EM,KE5EM
GLH5S,GLH5S
8KRLV,8KRLV
Y2QUJ,Y2QUJ
DECCY,DECCY
PNC99,PNC99
555RO,555RO
JNK11,JNK11
5HPZ1,5HPZ1
422BV,422BV
13XM4,13XM4
L3F3M,L3F3M
WSLMS,WSLMS
S6RYI,S6RYI
R4BTI,R4BTI
DJVZQ,DJVZQ
7Z69Y,7Z69Y
OVYAC,OVYAC
G99VH,G99VH
7E2AJ,7E2AJ
AF8IH,AF8IH
KDK62,KDK62
1D31Z,1D31Z
2FW38,2FW38
FD9A5,FD9A5
V25D1,V25D1
B7HDN,B7HDN
HONRP,HONRP
F5TL0,F5TL0
DYVUY,DYVUY
FM078,FM078
DWH0T,DWH0T
IO5UK,IO5UK
60W9B,60W9B
5ACD3,5ACD3
0AMBV,0AMBV
ZHF60,ZHF60
3SDJE,3SDJE
G6ZOB,G6ZOB
RE1M6,RE1M6
8PRDP,8PRDP
4BIMI,4BIMI
MUAR4,MUAR4
GDS6Q,GDS6Q
OVHFT,OVHFT
2KGV3,2KGV3
XZ9C0,XZ9C0
99XHN,99XHN
BV5CC,BV5CC
3N1I2,3N1I2
R3ZN9,R3ZN9
JFXG8,JFXG8
56JT8,56JT8
UBUKL,UBUKL
JBY4E,JBY4E
I9TIU,I9TIU
5C4EK,5C4EK
G8O8P,G8O8P
SSKK6,SSKK6
OEE36,OEE36
MBGPJ,MBGPJ
DERF4,DERF4
T0HLX,T0HLX
QCIV0,QCIV0
OOEME,OOEME
GSIYV,GSIYV
NO0WS,NO0WS
ZEC1D,ZEC1D
F7TG5,F7TG5
5NK4L,5NK4L
NL26D,NL26D
M4FOP,M4FOP
AKU63,AKU63
4KK20,4KK20
V62NW,V62NW
5L09N,5L09N
CUSTU,CUSTU
8SXHK,8SXHK
WBBTU,WBBTU
FYHTC,FYHTC
WPRJD,WPRJD
JVLAZ,JVLAZ
YQCYJ,YQCYJ
CLB72,CLB72
7L18C,7L18C
OETY6,OETY6
T1KK1,T1KK1
N6FZ7,N6FZ7
OKHVL,OKHVL
QCVZN,QCVZN
TLJRV,TLJRV
AJZYE,AJZYE
H6BT7,H6BT7
29C6X,29C6X
QLFR5,QLFR5
TVBN3,TVBN3
0IKE9,0IKE9
FYR3P,FYR3P
Q948H,Q948H
GZSTG,GZSTG
OEUGC,OEUGC
FKAGD,FKAGD
LIP4U,LIP4U
QWKVM,QWKVM
HIC67,HIC67
XSGYC,XSGYC
AAQHJ,AAQHJ
9D6WC,9D6WC
7V4NJ,7V4NJ
ROL2T,ROL2T
2XJG9,2XJG9
TJKGJ,TJKGJ
XET54,XET54
ZC017,ZC017
5T0NX,5T0NX
3MAY9,3MAY9
QQTQN,QQTQN
YX3V0,YX3V0
HYEY7,HYEY7
H26YY,H26YY
TTQ3V,TTQ3V
O7OD2,O7OD2
D5IDA,D5IDA
BI4PK,BI4PK
SVPZT,SVPZT
ICQUJ,ICQUJ
TR0TO,TR0TO
8IBNY,8IBNY
TJBGM,TJBGM
GHJCC,GHJCC
OLELC,OLELC
2DPW0,2DPW0
R2DA8,R2DA8
GBMNT,GBMNT
QD1U7,QD1U7
NB6F5,NB6F5
SMPEB,SMPEB
R0207,R0207
75ZOJ,75ZOJ
V4HBP,V4HBP
Y132T,Y132T
MSQA1,MSQA1
TNDT2,TNDT2
WI6NB,WI6NB
JFBTV,JFBTV
30I35,30I35
A42EF,A42EF
U5T4M,U5T4M
SHMU7,SHMU7
UTAGQ,UTAGQ
CF9QP,CF9QP
4H61U,4H61U
YX3W8,YX3W8
3VYGU,3VYGU
QUAFE,QUAFE
RF4OI,RF4OI
ALJ7B,ALJ7B
EQ4GN,EQ4GN
HAR5P,HAR5P
KBPDM,KBPDM
AMT7R,AMT7R
JIUH7,JIUH7
UEVVN,UEVVN
EZCPC,EZCPC
4ZY8C,4ZY8C
IG1YT,IG1YT
XACI3,XACI3
OXEMQ,OXEMQ
IJ3QB,IJ3QB
9TL3J,9TL3J
727IZ,727IZ
N86ED,N86ED
UVRMR,UVRMR
8NS1G,8NS1G
HBL9L,HBL9L
ZCH7N,ZCH7N
6B93R,6B93R
JVXMI,JVXMI
L5YHH,L5YHH
BLBJY,BLBJY
QE4YE,QE4YE
0PU21,0PU21
B32CU,B32CU
136V6,136V6
UIERL,UIERL
6FSAH,6FSAH
XD03B,XD03B
ZFT06,ZFT06
C3HIN,C3HIN
5S1WQ,5S1WQ
DCV2M,DCV2M
Z06HO,Z06HO
C3JAS,C3JAS
FETME,FETME
VRMNI,VRMNI
GWZ2A,GWZ2A
C4DFA,C4DFA
NSDFA,NSDFA
OHVMG,OHVMG
72HTA,72HTA
0XP8L,0XP8L
ZCG3J,ZCG3J
VHOYB,VHOYB
IS7PL,IS7PL
XFS7Z,XFS7Z
2S6V7,2S6V7
JH47V,JH47V
MZZ8Q,MZZ8Q
NSHA7,NSHA7
UBCH6,UBCH6
DWU60,DWU60
Q7YXN,Q7YXN
QNPDC,QNPDC
DRT60,DRT60
V6LP3,V6LP3
2OJY8,2OJY8
LTJEO,LTJEO
FQS7O,FQS7O
6JB5R,6JB5R
15TWQ,15TWQ
70S6Y,70S6Y
M2DD1,M2DD1
Y2EID,Y2EID
DK59J,DK59J
5XKVP,5XKVP
TCGAY,TCGAY
6J00B,6J00B
4RT06,4RT06
PSAVM,PSAVM
A2XH1,A2XH1
95GB4,95GB4
9GOUI,9GOUI
I7AS7,I7AS7
7OXNH,7OXNH
APLZS,APLZS
TR652,TR652
B3HCE,B3HCE
TKAUR,TKAUR
YG9UR,YG9UR
69F8P,69F8P
OWRDE,OWRDE
G2AMK,G2AMK
AYXFY,AYXFY
YXSI7,YXSI7
CJ58B,CJ58B
SJ51G,SJ51G
EFSIN,EFSIN
G6BFY,G6BFY
STB0G,STB0G
7XVS7,7XVS7
8Q7ZI,8Q7ZI
SLHDI,SLHDI
9KDP0,9KDP0
N5PLR,N5PLR
DKEB0,DKEB0
S2FUO,S2FUO
4KOBZ,4KOBZ
GY8P2,GY8P2
BVN7J,BVN7J
3VWSP,3VWSP
LOP4H,LOP4H
UCDL4,UCDL4
106AY,106AY
099Y1,099Y1
WDCGH,WDCGH
9UDMH,9UDMH
AVA41,AVA41
EK5K1,EK5K1
RSTVT,RSTVT
NKCXF,NKCXF
LT2IJ,LT2IJ
01K8X,01K8X
M98YV,M98YV
FL7X4,FL7X4
96ATI,96ATI
DY9AE,DY9AE
O9DOT,O9DOT
1221S,1221S
KTOJX,KTOJX
Z0DO7,Z0DO7
M014B,M014B
JHB0M,JHB0M
QJ389,QJ389
5ZHOX,5ZHOX
MEYZ5,MEYZ5
W8XQ9,W8XQ9
AVSPS,AVSPS
ORPD5,ORPD5
DSGVL,DSGVL
2TAT3,2TAT3
7835X,7835X
0A8ZT,0A8ZT
EQO9N,EQO9N
UGF6Q,UGF6Q
C6C7Q,C6C7Q
I6NJ6,I6NJ6
LFPWI,LFPWI
7W66P,7W66P
ZSHWE,ZSHWE
D0AGO,D0AGO
GLIC0,GLIC0
HA8MN,HA8MN
GANC6,GANC6
OA9W5,OA9W5
7FTBS,7FTBS
3MLVF,3MLVF
8QL4N,8QL4N
OWUW8,OWUW8
0R0DJ,0R0DJ
OO6BH,OO6BH
1JYPW,1JYPW
35ZZP,35ZZP
XFLQH,XFLQH
68QO4,68QO4
FS94F,FS94F
G4E4S,G4E4S
IV8MD,IV8MD
O3Y57,O3Y57
10LP3,10LP3
0GYRH,0GYRH
11TTU,11TTU
OZSB3,OZSB3
GPR89,GPR89
B47TS,B47TS
3YNPY,3YNPY
5MRPU,5MRPU
2ECXI,2ECXI
KFGEF,KFGEF
ACKR6,ACKR6
V31YX,V31YX
39SXL,39SXL
W0Y4E,W0Y4E
A0CJL,A0CJL
FBHBP,FBHBP
K9UXS,K9UXS
72LJ3,72LJ3
NV4FC,NV4FC
EWES1,EWES1
SBHID,SBHID
CJP4R,CJP4R
132HR,132HR
7VHXG,7VHXG
K7VCU,K7VCU
B1AMA,B1AMA
BSFVT,BSFVT
LCEM0,LCEM0
5JIGM,5JIGM
HL9YR,HL9YR
ABPGE,ABPGE
Z1GUW,Z1GUW
P3RRJ,P3RRJ
24B2K,24B2K
CZPU9,CZPU9
FPU57,FPU57
YXN50,YXN50
JZZH6,JZZH6
HYR9Q,HYR9Q
4H64T,4H64T
IKK13,IKK13
BZ5N5,BZ5N5
X9LP4,X9LP4
NWGVT,NWGVT
8FP8X,8FP8X
TYWHY,TYWHY
7229M,7229M
IOBKP,IOBKP
IO712,IO712
8Z5SJ,8Z5SJ
HZTB1,HZTB1
YPIKO,YPIKO
FAJEA,FAJEA
IQSWM,IQSWM
WX7AG,WX7AG
H41MY,H41MY
FU7HP,FU7HP
K64GM,K64GM
PH5VU,PH5VU
OKL5S,OKL5S
OT35M,OT35M
VTYXW,VTYXW
C6V75,C6V75
GRJG1,GRJG1
QVQNK,QVQNK
U2AO1,U2AO1
V7YEJ,V7YEJ
WF89D,WF89D
UPT25,UPT25
AFCDN,AFCDN
T342T,T342T
NAZ52,NAZ52
844D4,844D4
F8E1N,F8E1N
KU3WI,KU3WI
JCBDT,JCBDT
OHNUQ,OHNUQ
51ZY5,51ZY5
XIUQJ,XIUQJ
F6A4W,F6A4W
WREDC,WREDC
5EDX4,5EDX4
3MX8V,3MX8V
Y9JWG,Y9JWG
82X3Z,82X3Z
7UQFM,7UQFM
6XT4W,6XT4W
G1BSD,G1BSD
TIGIP,TIGIP
KV6V8,KV6V8
41GXC,41GXC
0VOQC,0VOQC
JELL2,JELL2
4CAHN,4CAHN
I3N3J,I3N3J
0USFX,0USFX
R390Z,R390Z
VVJE0,VVJE0
GLLNH,GLLNH
F75LG,F75LG
004QE,004QE
F3M1Q,F3M1Q
5EEXF,5EEXF
SVIXG,SVIXG
0BNML,0BNML
D8OSC,D8OSC
CPDJD,CPDJD
HRASP,HRASP
OXKR5,OXKR5
4WUNC,4WUNC
GBDJX,GBDJX
ABU7B,ABU7B
R5O7F,R5O7F
7KAVM,7KAVM
MI0ZQ,MI0ZQ
CI6H7,CI6H7
VDUO1,VDUO1
PFOD8,PFOD8
99B6U,99B6U
PBEUF,PBEUF
89MAO,89MAO
EKLVV,EKLVV
564DX,564DX
HJ4B1,HJ4B1
B4MNI,B4MNI
VJ0LT,VJ0LT
ZAJG5,ZAJG5
9YOI8,9YOI8
YUCU2,YUCU2
LRLNC,LRLNC
GN912,GN912
WXBEO,WXBEO
HCSPE,HCSPE
CSRZM,CSRZM
NMTRI,NMTRI
29V7T,29V7T
1BGZ0,1BGZ0
BVDIM,BVDIM
R87CC,R87CC
U45LK,U45LK
3P38N,3P38N
UUPJS,UUPJS
GMTL9,GMTL9
L9ANI,L9ANI
VSWNF,VSWNF
G8YWY,G8YWY
Q24KP,Q24KP
WW4MY,WW4MY
W7WJR,W7WJR
5776I,5776I
CLAWJ,CLAWJ
DQDJW,DQDJW
OD1A5,OD1A5
W2QG1,W2QG1
POACA,POACA
M8NEU,M8NEU
0BXRP,0BXRP
5GK8W,5GK8W
44PFW,44PFW
UR7C8,UR7C8
7BFDL,7BFDL
5VJ1X,5VJ1X
VJVHM,VJVHM
I79Q6,I79Q6
WNYV6,WNYV6
F650A,F650A
DWIS8,DWIS8
GFVSV,GFVSV
YGL6R,YGL6R
TCI7K,TCI7K
6VUIO,6VUIO
5XYPL,5XYPL
KV99H,KV99H
D0YWV,D0YWV
MY7NU,MY7NU
RJ27X,RJ27X
3OZUX,3OZUX
55AH5,55AH5
GA7SB,GA7SB
F8HLI,F8HLI
RQ3AK,RQ3AK
XXYWL,XXYWL
RHYAJ,RHYAJ
GXIWH,GXIWH
HFTEO,HFTEO
H411A,H411A
8J5O9,8J5O9
8RU1Q,8RU1Q
VNQTH,VNQTH
KFM5Q,KFM5Q
K0Z9V,K0Z9V
MNGT1,MNGT1
FL6DF,FL6DF
XLH1M,XLH1M
OCYT9,OCYT9
0TKKR,0TKKR
LHTSI,LHTSI
QDOXA,QDOXA
8YFD1,8YFD1
EYZXC,EYZXC
AVL8A,AVL8A
W7EDM,W7EDM
XHN6Y,XHN6Y
GBPPR,GBPPR
H032R,H032R
5CZRC,5CZRC
A0T30,A0T30
OXUKR,OXUKR
YTV2H,YTV2H
GVX7E,GVX7E
7WJUW,7WJUW
EQQ2T,EQQ2T
NQ1V6,NQ1V6
CEZ4D,CEZ4D
4ALLQ,4ALLQ
W1CG2,W1CG2
PRTAJ,PRTAJ
E0MK4,E0MK4
Y7CGN,Y7CGN
DOGYU,DOGYU
08EPO,08EPO
MRKTD,MRKTD
W4MEA,W4MEA
MS3E8,MS3E8
10ND1,10ND1
C0CMQ,C0CMQ
RX7TC,RX7TC
OEIR9,OEIR9
DLOS7,DLOS7
V2ZO4,V2ZO4
DLQIT,DLQIT
02DPI,02DPI
MTEOU,MTEOU
CO3LU,CO3LU
OE2OX,OE2OX
9X6DL,9X6DL
XPDI1,XPDI1
DED50,DED50
I4ON2,I4ON2
9A58F,9A58F
65M4K,65M4K
MWAGL,MWAGL
HYD3N,HYD3N
9OMY1,9OMY1
SMQUM,SMQUM
9RZ97,9RZ97
48XER,48XER
2STCL,2STCL
CMC93,CMC93
1NVWD,1NVWD
GJC0W,GJC0W
TTZVW,TTZVW
QJXNG,QJXNG
Z6HEA,Z6HEA
KZR42,KZR42
EF7Q9,EF7Q9
1GII3,1GII3
TCQ97,TCQ97
SAT9P,SAT9P
EBCTL,EBCTL
8BA61,8BA61
7KW31,7KW31
OQSXX,OQSXX
T42A2,T42A2
FDVBR,FDVBR
KQ6XW,KQ6XW
5SBEY,5SBEY
2M9YL,2M9YL
16V9S,16V9S
HKS9J,HKS9J
BLIW5,BLIW5
F1VEE,F1VEE
S407A,S407A
NSUHV,NSUHV
52FNN,52FNN
AJ5YQ,AJ5YQ
2ZFNL,2ZFNL
SGAGB,SGAGB
JOHZ0,JOHZ0
XUYCA,XUYCA
NW0KT,NW0KT
MRZ44,MRZ44
WM336,WM336
DP1TV,DP1TV
52KNA,52KNA
EPP0O,EPP0O
JZB97,JZB97
6YGBD,6YGBD
6TJVS,6TJVS
DJMZC,DJMZC
DCFYV,DCFYV
GT07A,GT07A
M7KH7,M7KH7
24XHS,24XHS
K3IGM,K3IGM
LUQWY,LUQWY
5XCJ6,5XCJ6
FX7ZY,FX7ZY
BDWIX,BDWIX
DPCGS,DPCGS
AC3T4,AC3T4
EOD1J,EOD1J
GHARQ,GHARQ
D0V0Y,D0V0Y
W8P6Q,W8P6Q
P1LWC,P1LWC
SBBJG,SBBJG
1FPW9,1FPW9
WJT09,WJT09
WQQ4Q,WQQ4Q
LLRKS,LLRKS
EDXBD,EDXBD
MJPAH,MJPAH
5W1Z7,5W1Z7
F17JD,F17JD
IBX56,IBX56
SLT0S,SLT0S
D5886,D5886
2XSK6,2XSK6
FR5FD,FR5FD
5TLQE,5TLQE
UIPXF,UIPXF
MQGVS,MQGVS
IYD9U,IYD9U
NGXV2,NGXV2
NCBNH,NCBNH
ICOX1,ICOX1
BE43L,BE43L
C278V,C278V
D1NT7,D1NT7
LH6LE,LH6LE
HHCFO,HHCFO
BRJ0H,BRJ0H
DAIN7,DAIN7
580G0,580G0
XT9D4,XT9D4
YCGJS,YCGJS
V115C,V115C
XEJ35,XEJ35
XVI3M,XVI3M
NACLT,NACLT
SZTNV,SZTNV
RH2YW,RH2YW
AOAY0,AOAY0
NJU3G,NJU3G
Y6419,Y6419
358JF,358JF
QX33M,QX33M
J0AMJ,J0AMJ
3DUAO,3DUAO
UETKQ,UETKQ
DZUR7,DZUR7
5GITI,5GITI
I6AZD,I6AZD
9Z1A3,9Z1A3
AZZ7V,AZZ7V
82R7V,82R7V
QY75H,QY75H
ED0VL,ED0VL
SEDKM,SEDKM
CSLEP,CSLEP
SFPJ7,SFPJ7
F19VE,F19VE
HQ8BB,HQ8BB
X07QW,X07QW
CZY4Q,CZY4Q
H6ROK,H6ROK
0H5VC,0H5VC
WIPMO,WIPMO
X0BEF,X0BEF
8WPPG,8WPPG
IIL9C,IIL9C
SRQPI,SRQPI
Y2DK5,Y2DK5
GDTYU,GDTYU
9SNMR,9SNMR
GK6GN,GK6GN
GKSL2,GKSL2
RO8Y6,RO8Y6
9A90E,9A90E
PV856,PV856
RGE8C,RGE8C
EUJK0,EUJK0
MO0SA,MO0SA
CA7T0,CA7T0
NDYOR,NDYOR
TFWNO,TFWNO
69R8T,69R8T
GH19N,GH19N
A7WU3,A7WU3
42PMR,42PMR
F0ZPW,F0ZPW
HXR3Z,HXR3Z
3STO2,3STO2
8NDRG,8NDRG
391VK,391VK
1HGEX,1HGEX
BFW9A,BFW9A
TON6G,TON6G
XC9EY,XC9EY
M9KMN,M9KMN
LQMXW,LQMXW
S7OTQ,S7OTQ
ZY2B1,ZY2B1
4WMDU,4WMDU
M5W51,M5W51
JPEM7,JPEM7
96GC9,96GC9
JJLTF,JJLTF
ARWNX,ARWNX
B9XZX,B9XZX
77JGY,77JGY
E780X,E780X
HBWLV,HBWLV
93EOJ,93EOJ
L8Y8D,L8Y8D
ZNQVC,ZNQVC
GEJPM,GEJPM
PABBK,PABBK
6JKD6,6JKD6
7R4YS,7R4YS
FG9NT,FG9NT
WUTHF,WUTHF
E18UD,E18UD
RKGXU,RKGXU
PPKP0,PPKP0
DTJ6B,DTJ6B
XJH5D,XJH5D
4LU0G,4LU0G
H0Q6V,H0Q6V
NFA8R,NFA8R
SNK5Z,SNK5Z
JDDD8,JDDD8
BLPAB,BLPAB
OWZCZ,OWZCZ
QUGSS,QUGSS
9BPW6,9BPW6
UL7YC,UL7YC
5D351,5D351
U9NI5,U9NI5
6UMSJ,6UMSJ
UNOW9,UNOW9
RAQNI,RAQNI
9RRED,9RRED
LWEPB,LWEPB
VAAXH,VAAXH
BJXRT,BJXRT
QWHFE,QWHFE
EASCD,EASCD
HEOJM,HEOJM
HD57S,HD57S
3QXPC,3QXPC
B1FY9,B1FY9
KFGXC,KFGXC
WT2C0,WT2C0
G24CA,G24CA
RQRRD,RQRRD
2VNXF,2VNXF
46A6J,46A6J
TCJCJ,TCJCJ
9W681,9W681
B0SV3,B0SV3
T96JC,T96JC
2YJUQ,2YJUQ
75KQ6,75KQ6
0LNLR,0LNLR
L7HA6,L7HA6
JI3ZF,JI3ZF
4G3ZF,4G3ZF
HPAYB,HPAYB
808H5,808H5
H047B,H047B
MOKPE,MOKPE
PTAZ9,PTAZ9
E5TW6,E5TW6
APZUZ,APZUZ
1MD1H,1MD1H
20LDB,20LDB
Y2MGC,Y2MGC
QQG8X,QQG8X
OCVY4,OCVY4
UFQK1,UFQK1
YSKX3,YSKX3
UPCQK,UPCQK
8NW4J,8NW4J
D8HN1,D8HN1
7JTEK,7JTEK
S1W8H,S1W8H
EW8GX,EW8GX
FQOGZ,FQOGZ
T1CQE,T1CQE
OJYDD,OJYDD
J6JNK,J6JNK
D2CEL,D2CEL
759MY,759MY
3EYLH,3EYLH
6XGUE,6XGUE
LKN3Z,LKN3Z
5NG6Q,5NG6Q
8X7D6,8X7D6
IXY95,IXY95
IBWAW,IBWAW
1OIPY,1OIPY
CEL4V,CEL4V
BALXZ,BALXZ
LBRYS,LBRYS
F4BJJ,F4BJJ
XZ2QQ,XZ2QQ
N513D,N513D
SWZWL,SWZWL
SBM3M,SBM3M
OU3XH,OU3XH
JNWX7,JNWX7
QH3FK,QH3FK
14XKK,14XKK
BFH78,BFH78
3UACJ,3UACJ
N3OKQ,N3OKQ
97JCX,97JCX
0J5T4,0J5T4
T56KO,T56KO
PZ0MM,PZ0MM
I20N2,I20N2
8MY8P,8MY8P
0S9KN,0S9KN
WX8N8,WX8N8
0Z1PC,0Z1PC
2OY8R,2OY8R
TU3IG,TU3IG
AFIRW,AFIRW
9MXDX,9MXDX
21F9H,21F9H
6AHBW,6AHBW
37SE6,37SE6
OQ54Y,OQ54Y
6LR93,6LR93
WXUZK,WXUZK
YUOQW,YUOQW
RH44U,RH44U
27SS2,27SS2
3TV9E,3TV9E
8X49S,8X49S
GPUFH,GPUFH
XJU8U,XJU8U
KP88I,KP88I
SN1VT,SN1VT
RKJ0C,RKJ0C
ZWVNF,ZWVNF
GH3D1,GH3D1
S572F,S572F
JCNHL,JCNHL
SH20Q,SH20Q
Q2U7O,Q2U7O
6KDQO,6KDQO
Q3M8J,Q3M8J
RO429,RO429
MN1MC,MN1MC
JZ45I,JZ45I
R5K2K,R5K2K
UYJVE,UYJVE
YAPN7,YAPN7
D07V2,D07V2
9JZO2,9JZO2
